X 1: Position X,Unit,Category,Collection,Y 1: Position Y,Unit,Category,Collection,Position_Z
-964,um,Spot,Position,-80.1,um,Spot,Position,264
204,um,Spot,Position,113,um,Spot,Position,300
255,um,Spot,Position,813,um,Spot,Position,321
-475,um,Spot,Position,-670,um,Spot,Position,436
138,um,Spot,Position,-603,um,Spot,Position,380
135,um,Spot,Position,-709,um,Spot,Position,402
137,um,Spot,Position,-693,um,Spot,Position,406
-537,um,Spot,Position,-305,um,Spot,Position,404
-451,um,Spot,Position,-186,um,Spot,Position,431
-124,um,Spot,Position,-395,um,Spot,Position,436
291,um,Spot,Position,-386,um,Spot,Position,417
570,um,Spot,Position,-367,um,Spot,Position,417
297,um,Spot,Position,-267,um,Spot,Position,436
584,um,Spot,Position,-388,um,Spot,Position,444
1129,um,Spot,Position,-199,um,Spot,Position,337
1241,um,Spot,Position,-369,um,Spot,Position,417
-201,um,Spot,Position,54.3,um,Spot,Position,409
-76.8,um,Spot,Position,-122,um,Spot,Position,379
-61,um,Spot,Position,-109,um,Spot,Position,387
-41.7,um,Spot,Position,-98.4,um,Spot,Position,395
-129,um,Spot,Position,177,um,Spot,Position,408
173,um,Spot,Position,-111,um,Spot,Position,426
-28.5,um,Spot,Position,-39.3,um,Spot,Position,421
562,um,Spot,Position,189,um,Spot,Position,370
632,um,Spot,Position,42.8,um,Spot,Position,392
367,um,Spot,Position,189,um,Spot,Position,407
431,um,Spot,Position,-50.4,um,Spot,Position,421
856,um,Spot,Position,-10.4,um,Spot,Position,438
1299,um,Spot,Position,138,um,Spot,Position,407
1492,um,Spot,Position,236,um,Spot,Position,442
-614,um,Spot,Position,417,um,Spot,Position,409
70.4,um,Spot,Position,305,um,Spot,Position,403
374,um,Spot,Position,314,um,Spot,Position,421
372,um,Spot,Position,387,um,Spot,Position,429
405,um,Spot,Position,514,um,Spot,Position,442
871,um,Spot,Position,562,um,Spot,Position,420
994,um,Spot,Position,375,um,Spot,Position,430
1276,um,Spot,Position,298,um,Spot,Position,446
-442,um,Spot,Position,770,um,Spot,Position,425
-65.4,um,Spot,Position,992,um,Spot,Position,416
50.2,um,Spot,Position,835,um,Spot,Position,437
313,um,Spot,Position,1001,um,Spot,Position,354
533,um,Spot,Position,868,um,Spot,Position,401
696,um,Spot,Position,873,um,Spot,Position,439
-18.6,um,Spot,Position,1189,um,Spot,Position,437
426,um,Spot,Position,1242,um,Spot,Position,343
685,um,Spot,Position,1134,um,Spot,Position,422
835,um,Spot,Position,1338,um,Spot,Position,437
-307,um,Spot,Position,-847,um,Spot,Position,464
-247,um,Spot,Position,-671,um,Spot,Position,496
-540,um,Spot,Position,-713,um,Spot,Position,508
-573,um,Spot,Position,-729,um,Spot,Position,522
-450,um,Spot,Position,-922,um,Spot,Position,543
-257,um,Spot,Position,-739,um,Spot,Position,552
-470,um,Spot,Position,-819,um,Spot,Position,555
128,um,Spot,Position,-897,um,Spot,Position,477
209,um,Spot,Position,-901,um,Spot,Position,503
245,um,Spot,Position,-664,um,Spot,Position,538
142,um,Spot,Position,-597,um,Spot,Position,552
172,um,Spot,Position,-625,um,Spot,Position,554
208,um,Spot,Position,-622,um,Spot,Position,555
-33.7,um,Spot,Position,-606,um,Spot,Position,559
-87.9,um,Spot,Position,-598,um,Spot,Position,559
359,um,Spot,Position,-966,um,Spot,Position,516
551,um,Spot,Position,-846,um,Spot,Position,514
265,um,Spot,Position,-721,um,Spot,Position,524
486,um,Spot,Position,-705,um,Spot,Position,538
568,um,Spot,Position,-944,um,Spot,Position,543
405,um,Spot,Position,-862,um,Spot,Position,540
586,um,Spot,Position,-750,um,Spot,Position,551
544,um,Spot,Position,-659,um,Spot,Position,549
278,um,Spot,Position,-604,um,Spot,Position,552
427,um,Spot,Position,-604,um,Spot,Position,552
589,um,Spot,Position,-854,um,Spot,Position,556
484,um,Spot,Position,-636,um,Spot,Position,557
363,um,Spot,Position,-606,um,Spot,Position,555
762,um,Spot,Position,-737,um,Spot,Position,461
944,um,Spot,Position,-943,um,Spot,Position,501
952,um,Spot,Position,-861,um,Spot,Position,556
-621,um,Spot,Position,-504,um,Spot,Position,510
-683,um,Spot,Position,-259,um,Spot,Position,539
-629,um,Spot,Position,-436,um,Spot,Position,560
-611,um,Spot,Position,-191,um,Spot,Position,557
-204,um,Spot,Position,-255,um,Spot,Position,449
-559,um,Spot,Position,-400,um,Spot,Position,473
-536,um,Spot,Position,-235,um,Spot,Position,483
-430,um,Spot,Position,-472,um,Spot,Position,491
-223,um,Spot,Position,-213,um,Spot,Position,501
-177,um,Spot,Position,-215,um,Spot,Position,502
-469,um,Spot,Position,-206,um,Spot,Position,502
-195,um,Spot,Position,-307,um,Spot,Position,522
-224,um,Spot,Position,-279,um,Spot,Position,525
-462,um,Spot,Position,-176,um,Spot,Position,519
-472,um,Spot,Position,-399,um,Spot,Position,530
-224,um,Spot,Position,-334,um,Spot,Position,529
-253,um,Spot,Position,-318,um,Spot,Position,529
-173,um,Spot,Position,-450,um,Spot,Position,539
-178,um,Spot,Position,-408,um,Spot,Position,537
-237,um,Spot,Position,-368,um,Spot,Position,538
-398,um,Spot,Position,-220,um,Spot,Position,537
-469,um,Spot,Position,-215,um,Spot,Position,537
-394,um,Spot,Position,-436,um,Spot,Position,541
-325,um,Spot,Position,-425,um,Spot,Position,546
-229,um,Spot,Position,-412,um,Spot,Position,539
-297,um,Spot,Position,-379,um,Spot,Position,542
-254,um,Spot,Position,-381,um,Spot,Position,540
-339,um,Spot,Position,-370,um,Spot,Position,541
-440,um,Spot,Position,-251,um,Spot,Position,543
-511,um,Spot,Position,-222,um,Spot,Position,546
-173,um,Spot,Position,-531,um,Spot,Position,552
-202,um,Spot,Position,-505,um,Spot,Position,550
-229,um,Spot,Position,-498,um,Spot,Position,550
-216,um,Spot,Position,-494,um,Spot,Position,552
-176,um,Spot,Position,-484,um,Spot,Position,547
-237,um,Spot,Position,-458,um,Spot,Position,546
-344,um,Spot,Position,-411,um,Spot,Position,546
-473,um,Spot,Position,-346,um,Spot,Position,553
-456,um,Spot,Position,-305,um,Spot,Position,549
-483,um,Spot,Position,-279,um,Spot,Position,549
-524,um,Spot,Position,-265,um,Spot,Position,552
-410,um,Spot,Position,-262,um,Spot,Position,550
-536,um,Spot,Position,-197,um,Spot,Position,550
-583,um,Spot,Position,-191,um,Spot,Position,551
-221,um,Spot,Position,-537,um,Spot,Position,555
-403,um,Spot,Position,-478,um,Spot,Position,560
-343,um,Spot,Position,-470,um,Spot,Position,556
-367,um,Spot,Position,-446,um,Spot,Position,554
-441,um,Spot,Position,-427,um,Spot,Position,558
-486,um,Spot,Position,-377,um,Spot,Position,559
-534,um,Spot,Position,-319,um,Spot,Position,559
-570,um,Spot,Position,-267,um,Spot,Position,558
-148,um,Spot,Position,-198,um,Spot,Position,449
-160,um,Spot,Position,-462,um,Spot,Position,465
210,um,Spot,Position,-341,um,Spot,Position,470
91.9,um,Spot,Position,-412,um,Spot,Position,487
-160,um,Spot,Position,-227,um,Spot,Position,489
-70.5,um,Spot,Position,-179,um,Spot,Position,486
-134,um,Spot,Position,-243,um,Spot,Position,492
-80.1,um,Spot,Position,-227,um,Spot,Position,491
38.1,um,Spot,Position,-589,um,Spot,Position,507
57.4,um,Spot,Position,-337,um,Spot,Position,506
-152,um,Spot,Position,-289,um,Spot,Position,510
164,um,Spot,Position,-173,um,Spot,Position,507
67.7,um,Spot,Position,-260,um,Spot,Position,516
-2.28,um,Spot,Position,-232,um,Spot,Position,514
-137,um,Spot,Position,-319,um,Spot,Position,522
-64.4,um,Spot,Position,-280,um,Spot,Position,519
-132,um,Spot,Position,-436,um,Spot,Position,532
107,um,Spot,Position,-397,um,Spot,Position,528
-90.3,um,Spot,Position,-390,um,Spot,Position,531
-123,um,Spot,Position,-377,um,Spot,Position,531
-159,um,Spot,Position,-366,um,Spot,Position,531
-69.3,um,Spot,Position,-341,um,Spot,Position,526
93.1,um,Spot,Position,-486,um,Spot,Position,538
222,um,Spot,Position,-455,um,Spot,Position,539
-73.7,um,Spot,Position,-454,um,Spot,Position,538
12.6,um,Spot,Position,-452,um,Spot,Position,538
65.2,um,Spot,Position,-452,um,Spot,Position,537
31.2,um,Spot,Position,-429,um,Spot,Position,534
85.5,um,Spot,Position,-431,um,Spot,Position,535
-52.8,um,Spot,Position,-419,um,Spot,Position,535
72.6,um,Spot,Position,-409,um,Spot,Position,533
-17.3,um,Spot,Position,-407,um,Spot,Position,533
-35,um,Spot,Position,-374,um,Spot,Position,534
68.2,um,Spot,Position,-568,um,Spot,Position,540
22.8,um,Spot,Position,-506,um,Spot,Position,542
-130,um,Spot,Position,-500,um,Spot,Position,539
-63.3,um,Spot,Position,-494,um,Spot,Position,545
-146,um,Spot,Position,-459,um,Spot,Position,541
-113,um,Spot,Position,-460,um,Spot,Position,539
204,um,Spot,Position,-594,um,Spot,Position,550
172,um,Spot,Position,-587,um,Spot,Position,548
27.3,um,Spot,Position,-557,um,Spot,Position,549
-27.7,um,Spot,Position,-542,um,Spot,Position,549
-142,um,Spot,Position,-539,um,Spot,Position,552
-71.8,um,Spot,Position,-519,um,Spot,Position,548
-0.641,um,Spot,Position,-576,um,Spot,Position,553
-109,um,Spot,Position,-558,um,Spot,Position,554
-75.6,um,Spot,Position,-556,um,Spot,Position,554
556,um,Spot,Position,-399,um,Spot,Position,459
608,um,Spot,Position,-393,um,Spot,Position,460
649,um,Spot,Position,-219,um,Spot,Position,466
419,um,Spot,Position,-215,um,Spot,Position,469
355,um,Spot,Position,-199,um,Spot,Position,465
283,um,Spot,Position,-510,um,Spot,Position,492
671,um,Spot,Position,-417,um,Spot,Position,506
644,um,Spot,Position,-554,um,Spot,Position,517
654,um,Spot,Position,-320,um,Spot,Position,514
439,um,Spot,Position,-276,um,Spot,Position,518
467,um,Spot,Position,-279,um,Spot,Position,516
409,um,Spot,Position,-251,um,Spot,Position,516
471,um,Spot,Position,-245,um,Spot,Position,514
454,um,Spot,Position,-197,um,Spot,Position,512
588,um,Spot,Position,-185,um,Spot,Position,514
653,um,Spot,Position,-177,um,Spot,Position,516
439,um,Spot,Position,-342,um,Spot,Position,524
600,um,Spot,Position,-332,um,Spot,Position,521
543,um,Spot,Position,-299,um,Spot,Position,521
619,um,Spot,Position,-293,um,Spot,Position,519
556,um,Spot,Position,-277,um,Spot,Position,523
413,um,Spot,Position,-219,um,Spot,Position,520
630,um,Spot,Position,-479,um,Spot,Position,532
535,um,Spot,Position,-372,um,Spot,Position,528
447,um,Spot,Position,-355,um,Spot,Position,526
550,um,Spot,Position,-331,um,Spot,Position,526
676,um,Spot,Position,-323,um,Spot,Position,526
327,um,Spot,Position,-474,um,Spot,Position,538
336,um,Spot,Position,-448,um,Spot,Position,535
277,um,Spot,Position,-436,um,Spot,Position,533
498,um,Spot,Position,-525,um,Spot,Position,543
431,um,Spot,Position,-516,um,Spot,Position,544
598,um,Spot,Position,-516,um,Spot,Position,545
355,um,Spot,Position,-499,um,Spot,Position,542
678,um,Spot,Position,-460,um,Spot,Position,546
940,um,Spot,Position,-295,um,Spot,Position,486
977,um,Spot,Position,-519,um,Spot,Position,493
899,um,Spot,Position,-532,um,Spot,Position,498
975,um,Spot,Position,-311,um,Spot,Position,502
948,um,Spot,Position,-485,um,Spot,Position,505
1072,um,Spot,Position,-289,um,Spot,Position,509
1052,um,Spot,Position,-292,um,Spot,Position,516
805,um,Spot,Position,-373,um,Spot,Position,539
785,um,Spot,Position,-359,um,Spot,Position,539
764,um,Spot,Position,-318,um,Spot,Position,534
838,um,Spot,Position,-403,um,Spot,Position,544
945,um,Spot,Position,-228,um,Spot,Position,545
948,um,Spot,Position,-187,um,Spot,Position,543
685,um,Spot,Position,-522,um,Spot,Position,552
746,um,Spot,Position,-474,um,Spot,Position,549
719,um,Spot,Position,-434,um,Spot,Position,548
858,um,Spot,Position,-378,um,Spot,Position,553
975,um,Spot,Position,-261,um,Spot,Position,549
682,um,Spot,Position,-583,um,Spot,Position,560
725,um,Spot,Position,-581,um,Spot,Position,558
743,um,Spot,Position,-539,um,Spot,Position,557
802,um,Spot,Position,-513,um,Spot,Position,559
727,um,Spot,Position,-504,um,Spot,Position,555
816,um,Spot,Position,-482,um,Spot,Position,560
892,um,Spot,Position,-458,um,Spot,Position,558
837,um,Spot,Position,-437,um,Spot,Position,557
1004,um,Spot,Position,-311,um,Spot,Position,554
1433,um,Spot,Position,-410,um,Spot,Position,461
1349,um,Spot,Position,-399,um,Spot,Position,473
1331,um,Spot,Position,-303,um,Spot,Position,529
1345,um,Spot,Position,-314,um,Spot,Position,537
1416,um,Spot,Position,-317,um,Spot,Position,544
1257,um,Spot,Position,-327,um,Spot,Position,554
1236,um,Spot,Position,-315,um,Spot,Position,554
1595,um,Spot,Position,-399,um,Spot,Position,540
-879,um,Spot,Position,97.3,um,Spot,Position,454
-637,um,Spot,Position,96,um,Spot,Position,464
-727,um,Spot,Position,-141,um,Spot,Position,493
-968,um,Spot,Position,69.1,um,Spot,Position,501
-873,um,Spot,Position,127,um,Spot,Position,517
-596,um,Spot,Position,31.9,um,Spot,Position,537
-853,um,Spot,Position,118,um,Spot,Position,537
-600,um,Spot,Position,118,um,Spot,Position,537
-652,um,Spot,Position,198,um,Spot,Position,538
-636,um,Spot,Position,240,um,Spot,Position,537
-688,um,Spot,Position,127,um,Spot,Position,545
-692,um,Spot,Position,158,um,Spot,Position,544
-663,um,Spot,Position,171,um,Spot,Position,540
-691,um,Spot,Position,218,um,Spot,Position,541
-669,um,Spot,Position,239,um,Spot,Position,543
-713,um,Spot,Position,246,um,Spot,Position,545
-671,um,Spot,Position,-40.5,um,Spot,Position,553
-681,um,Spot,Position,32.6,um,Spot,Position,550
-744,um,Spot,Position,91.6,um,Spot,Position,552
-718,um,Spot,Position,104,um,Spot,Position,550
-820,um,Spot,Position,116,um,Spot,Position,548
-831,um,Spot,Position,121,um,Spot,Position,551
-717,um,Spot,Position,124,um,Spot,Position,548
-732,um,Spot,Position,132,um,Spot,Position,549
-765,um,Spot,Position,135,um,Spot,Position,552
-712,um,Spot,Position,141,um,Spot,Position,547
-760,um,Spot,Position,163,um,Spot,Position,551
-723,um,Spot,Position,170,um,Spot,Position,547
-727,um,Spot,Position,193,um,Spot,Position,547
-736,um,Spot,Position,213,um,Spot,Position,549
-617,um,Spot,Position,-154,um,Spot,Position,554
-991,um,Spot,Position,-39.4,um,Spot,Position,554
-700,um,Spot,Position,-11.8,um,Spot,Position,555
-729,um,Spot,Position,10.4,um,Spot,Position,557
-769,um,Spot,Position,113,um,Spot,Position,553
-788,um,Spot,Position,136,um,Spot,Position,555
-818,um,Spot,Position,160,um,Spot,Position,558
-793,um,Spot,Position,219,um,Spot,Position,554
-364,um,Spot,Position,181,um,Spot,Position,452
-242,um,Spot,Position,248,um,Spot,Position,460
-213,um,Spot,Position,5.64,um,Spot,Position,503
-190,um,Spot,Position,254,um,Spot,Position,504
-180,um,Spot,Position,72,um,Spot,Position,508
-170,um,Spot,Position,132,um,Spot,Position,510
-195,um,Spot,Position,141,um,Spot,Position,505
-171,um,Spot,Position,-99,um,Spot,Position,512
-284,um,Spot,Position,-55.4,um,Spot,Position,517
-310,um,Spot,Position,78.4,um,Spot,Position,515
-213,um,Spot,Position,146,um,Spot,Position,514
-317,um,Spot,Position,178,um,Spot,Position,515
-254,um,Spot,Position,-91.9,um,Spot,Position,518
-323,um,Spot,Position,-89,um,Spot,Position,525
-368,um,Spot,Position,-30.7,um,Spot,Position,523
-329,um,Spot,Position,56.1,um,Spot,Position,519
-371,um,Spot,Position,66.3,um,Spot,Position,521
-365,um,Spot,Position,77.4,um,Spot,Position,519
-370,um,Spot,Position,114,um,Spot,Position,521
-352,um,Spot,Position,-139,um,Spot,Position,526
-427,um,Spot,Position,-85.2,um,Spot,Position,531
-554,um,Spot,Position,98.6,um,Spot,Position,532
-500,um,Spot,Position,212,um,Spot,Position,528
-537,um,Spot,Position,221,um,Spot,Position,530
-468,um,Spot,Position,-136,um,Spot,Position,535
-473,um,Spot,Position,-63.4,um,Spot,Position,534
-551,um,Spot,Position,51,um,Spot,Position,533
-544,um,Spot,Position,-116,um,Spot,Position,544
103,um,Spot,Position,20.2,um,Spot,Position,451
-152,um,Spot,Position,135,um,Spot,Position,474
151,um,Spot,Position,249,um,Spot,Position,475
8.36,um,Spot,Position,224,um,Spot,Position,482
7.18,um,Spot,Position,-119,um,Spot,Position,495
248,um,Spot,Position,82.2,um,Spot,Position,495
148,um,Spot,Position,98.3,um,Spot,Position,496
244,um,Spot,Position,138,um,Spot,Position,494
166,um,Spot,Position,166,um,Spot,Position,495
225,um,Spot,Position,183,um,Spot,Position,493
-11.4,um,Spot,Position,203,um,Spot,Position,495
-67.5,um,Spot,Position,231,um,Spot,Position,496
40.6,um,Spot,Position,242,um,Spot,Position,497
225,um,Spot,Position,242,um,Spot,Position,494
198,um,Spot,Position,-149,um,Spot,Position,503
73.4,um,Spot,Position,-127,um,Spot,Position,503
94.3,um,Spot,Position,-95.2,um,Spot,Position,503
251,um,Spot,Position,-84.3,um,Spot,Position,503
144,um,Spot,Position,-76.8,um,Spot,Position,503
20.9,um,Spot,Position,-75.9,um,Spot,Position,503
79.3,um,Spot,Position,-71.3,um,Spot,Position,503
173,um,Spot,Position,-56.1,um,Spot,Position,503
57.2,um,Spot,Position,-49,um,Spot,Position,502
28.5,um,Spot,Position,-36.2,um,Spot,Position,502
79.6,um,Spot,Position,-35.9,um,Spot,Position,501
144,um,Spot,Position,-23.5,um,Spot,Position,500
180,um,Spot,Position,-25.8,um,Spot,Position,503
-77.5,um,Spot,Position,-8.11,um,Spot,Position,501
36,um,Spot,Position,-3.41,um,Spot,Position,500
13.3,um,Spot,Position,0.133,um,Spot,Position,500
-47.4,um,Spot,Position,7.86,um,Spot,Position,501
83.2,um,Spot,Position,14.6,um,Spot,Position,501
165,um,Spot,Position,24,um,Spot,Position,498
-5.04,um,Spot,Position,27.3,um,Spot,Position,499
227,um,Spot,Position,29,um,Spot,Position,499
-56.6,um,Spot,Position,50.4,um,Spot,Position,502
174,um,Spot,Position,71.3,um,Spot,Position,500
-120,um,Spot,Position,109,um,Spot,Position,501
66.8,um,Spot,Position,126,um,Spot,Position,500
-46.8,um,Spot,Position,152,um,Spot,Position,499
-91.4,um,Spot,Position,186,um,Spot,Position,499
-152,um,Spot,Position,249,um,Spot,Position,501
126,um,Spot,Position,-150,um,Spot,Position,508
145,um,Spot,Position,-140,um,Spot,Position,507
-134,um,Spot,Position,-131,um,Spot,Position,509
58,um,Spot,Position,-131,um,Spot,Position,507
45.7,um,Spot,Position,-105,um,Spot,Position,505
155,um,Spot,Position,-93.9,um,Spot,Position,505
196,um,Spot,Position,-94.1,um,Spot,Position,506
-38.8,um,Spot,Position,-86.3,um,Spot,Position,505
-154,um,Spot,Position,45.7,um,Spot,Position,505
362,um,Spot,Position,10.4,um,Spot,Position,451
470,um,Spot,Position,-59.9,um,Spot,Position,461
453,um,Spot,Position,-18.3,um,Spot,Position,467
604,um,Spot,Position,-37.2,um,Spot,Position,471
319,um,Spot,Position,221,um,Spot,Position,483
528,um,Spot,Position,-48.5,um,Spot,Position,494
315,um,Spot,Position,8.1,um,Spot,Position,496
317,um,Spot,Position,132,um,Spot,Position,495
333,um,Spot,Position,225,um,Spot,Position,495
268,um,Spot,Position,-50.5,um,Spot,Position,501
367,um,Spot,Position,-15.2,um,Spot,Position,498
508,um,Spot,Position,-1.12,um,Spot,Position,500
567,um,Spot,Position,43.1,um,Spot,Position,501
439,um,Spot,Position,65.1,um,Spot,Position,499
556,um,Spot,Position,79.5,um,Spot,Position,502
597,um,Spot,Position,103,um,Spot,Position,502
490,um,Spot,Position,121,um,Spot,Position,498
442,um,Spot,Position,141,um,Spot,Position,498
602,um,Spot,Position,156,um,Spot,Position,503
453,um,Spot,Position,237,um,Spot,Position,498
531,um,Spot,Position,-147,um,Spot,Position,509
556,um,Spot,Position,-101,um,Spot,Position,507
286,um,Spot,Position,-87.6,um,Spot,Position,504
612,um,Spot,Position,-87.4,um,Spot,Position,509
620,um,Spot,Position,-22.2,um,Spot,Position,508
401,um,Spot,Position,3.45,um,Spot,Position,504
608,um,Spot,Position,60.7,um,Spot,Position,505
396,um,Spot,Position,131,um,Spot,Position,504
628,um,Spot,Position,135,um,Spot,Position,505
595,um,Spot,Position,196,um,Spot,Position,506
679,um,Spot,Position,255,um,Spot,Position,507
676,um,Spot,Position,-147,um,Spot,Position,514
620,um,Spot,Position,-140,um,Spot,Position,513
662,um,Spot,Position,-137,um,Spot,Position,515
660,um,Spot,Position,-79.2,um,Spot,Position,513
985,um,Spot,Position,90.4,um,Spot,Position,462
721,um,Spot,Position,120,um,Spot,Position,461
738,um,Spot,Position,122,um,Spot,Position,460
755,um,Spot,Position,129,um,Spot,Position,468
909,um,Spot,Position,162,um,Spot,Position,466
714,um,Spot,Position,-156,um,Spot,Position,473
1103,um,Spot,Position,229,um,Spot,Position,470
769,um,Spot,Position,101,um,Spot,Position,503
763,um,Spot,Position,119,um,Spot,Position,503
718,um,Spot,Position,59,um,Spot,Position,510
787,um,Spot,Position,110,um,Spot,Position,504
733,um,Spot,Position,194,um,Spot,Position,507
687,um,Spot,Position,-146,um,Spot,Position,515
739,um,Spot,Position,-5.23,um,Spot,Position,513
811,um,Spot,Position,80.4,um,Spot,Position,513
759,um,Spot,Position,182,um,Spot,Position,511
799,um,Spot,Position,221,um,Spot,Position,513
898,um,Spot,Position,-147,um,Spot,Position,521
825,um,Spot,Position,-43,um,Spot,Position,523
968,um,Spot,Position,21.5,um,Spot,Position,523
841,um,Spot,Position,187,um,Spot,Position,522
913,um,Spot,Position,232,um,Spot,Position,522
858,um,Spot,Position,-121,um,Spot,Position,526
1034,um,Spot,Position,186,um,Spot,Position,529
1077,um,Spot,Position,90.1,um,Spot,Position,537
1104,um,Spot,Position,99.4,um,Spot,Position,540
1145,um,Spot,Position,0.239,um,Spot,Position,481
1121,um,Spot,Position,0.169,um,Spot,Position,483
1432,um,Spot,Position,12,um,Spot,Position,500
1305,um,Spot,Position,-31.8,um,Spot,Position,513
1442,um,Spot,Position,198,um,Spot,Position,516
1384,um,Spot,Position,217,um,Spot,Position,515
1123,um,Spot,Position,125,um,Spot,Position,539
1123,um,Spot,Position,170,um,Spot,Position,538
1387,um,Spot,Position,181,um,Spot,Position,543
1158,um,Spot,Position,198,um,Spot,Position,541
1138,um,Spot,Position,229,um,Spot,Position,539
1168,um,Spot,Position,236,um,Spot,Position,541
1164,um,Spot,Position,49.2,um,Spot,Position,549
1194,um,Spot,Position,76.7,um,Spot,Position,550
1165,um,Spot,Position,95,um,Spot,Position,547
1229,um,Spot,Position,168,um,Spot,Position,552
1199,um,Spot,Position,173,um,Spot,Position,549
1201,um,Spot,Position,55.2,um,Spot,Position,554
1267,um,Spot,Position,94.5,um,Spot,Position,559
1727,um,Spot,Position,-58.3,um,Spot,Position,485
1544,um,Spot,Position,28.7,um,Spot,Position,513
1629,um,Spot,Position,-37.8,um,Spot,Position,559
-818,um,Spot,Position,267,um,Spot,Position,511
-917,um,Spot,Position,299,um,Spot,Position,520
-878,um,Spot,Position,404,um,Spot,Position,524
-612,um,Spot,Position,291,um,Spot,Position,527
-604,um,Spot,Position,312,um,Spot,Position,529
-658,um,Spot,Position,280,um,Spot,Position,539
-637,um,Spot,Position,337,um,Spot,Position,536
-686,um,Spot,Position,317,um,Spot,Position,542
-631,um,Spot,Position,318,um,Spot,Position,539
-660,um,Spot,Position,365,um,Spot,Position,542
-629,um,Spot,Position,376,um,Spot,Position,543
-663,um,Spot,Position,397,um,Spot,Position,543
-625,um,Spot,Position,476,um,Spot,Position,542
-599,um,Spot,Position,524,um,Spot,Position,543
-716,um,Spot,Position,285,um,Spot,Position,548
-763,um,Spot,Position,314,um,Spot,Position,552
-722,um,Spot,Position,318,um,Spot,Position,549
-721,um,Spot,Position,341,um,Spot,Position,549
-725,um,Spot,Position,360,um,Spot,Position,551
-685,um,Spot,Position,426,um,Spot,Position,552
-684,um,Spot,Position,458,um,Spot,Position,549
-706,um,Spot,Position,505,um,Spot,Position,553
-651,um,Spot,Position,559,um,Spot,Position,548
-695,um,Spot,Position,564,um,Spot,Position,552
-617,um,Spot,Position,586,um,Spot,Position,547
-600,um,Spot,Position,653,um,Spot,Position,549
-795,um,Spot,Position,268,um,Spot,Position,556
-815,um,Spot,Position,271,um,Spot,Position,560
-789,um,Spot,Position,332,um,Spot,Position,558
-780,um,Spot,Position,373,um,Spot,Position,559
-755,um,Spot,Position,376,um,Spot,Position,555
-772,um,Spot,Position,401,um,Spot,Position,558
-747,um,Spot,Position,429,um,Spot,Position,555
-708,um,Spot,Position,575,um,Spot,Position,555
-722,um,Spot,Position,620,um,Spot,Position,559
-430,um,Spot,Position,673,um,Spot,Position,454
-424,um,Spot,Position,503,um,Spot,Position,474
-286,um,Spot,Position,342,um,Spot,Position,510
-255,um,Spot,Position,359,um,Spot,Position,507
-226,um,Spot,Position,458,um,Spot,Position,509
-235,um,Spot,Position,479,um,Spot,Position,508
-184,um,Spot,Position,480,um,Spot,Position,504
-218,um,Spot,Position,534,um,Spot,Position,508
-268,um,Spot,Position,559,um,Spot,Position,508
-359,um,Spot,Position,418,um,Spot,Position,517
-328,um,Spot,Position,458,um,Spot,Position,515
-304,um,Spot,Position,586,um,Spot,Position,512
-252,um,Spot,Position,593,um,Spot,Position,512
-275,um,Spot,Position,617,um,Spot,Position,515
-219,um,Spot,Position,618,um,Spot,Position,512
-192,um,Spot,Position,630,um,Spot,Position,516
-353,um,Spot,Position,677,um,Spot,Position,514
-409,um,Spot,Position,493,um,Spot,Position,523
-204,um,Spot,Position,652,um,Spot,Position,523
-472,um,Spot,Position,266,um,Spot,Position,526
-495,um,Spot,Position,320,um,Spot,Position,528
-379,um,Spot,Position,554,um,Spot,Position,527
-471,um,Spot,Position,560,um,Spot,Position,532
-394,um,Spot,Position,586,um,Spot,Position,526
-408,um,Spot,Position,645,um,Spot,Position,529
-565,um,Spot,Position,300,um,Spot,Position,536
-483,um,Spot,Position,622,um,Spot,Position,536
-55,um,Spot,Position,588,um,Spot,Position,459
-91.8,um,Spot,Position,668,um,Spot,Position,465
99.3,um,Spot,Position,261,um,Spot,Position,492
13.1,um,Spot,Position,266,um,Spot,Position,492
187,um,Spot,Position,294,um,Spot,Position,493
157,um,Spot,Position,342,um,Spot,Position,493
-7.03,um,Spot,Position,343,um,Spot,Position,495
216,um,Spot,Position,343,um,Spot,Position,494
40.4,um,Spot,Position,371,um,Spot,Position,495
136,um,Spot,Position,377,um,Spot,Position,493
27.1,um,Spot,Position,432,um,Spot,Position,497
142,um,Spot,Position,457,um,Spot,Position,497
48.3,um,Spot,Position,461,um,Spot,Position,495
37.4,um,Spot,Position,469,um,Spot,Position,496
-75.7,um,Spot,Position,500,um,Spot,Position,494
-120,um,Spot,Position,533,um,Spot,Position,495
-69.7,um,Spot,Position,277,um,Spot,Position,498
-98.5,um,Spot,Position,285,um,Spot,Position,498
-94.5,um,Spot,Position,306,um,Spot,Position,497
-127,um,Spot,Position,320,um,Spot,Position,502
-51.3,um,Spot,Position,327,um,Spot,Position,497
-125,um,Spot,Position,340,um,Spot,Position,501
-52.6,um,Spot,Position,380,um,Spot,Position,501
-161,um,Spot,Position,383,um,Spot,Position,503
-128,um,Spot,Position,383,um,Spot,Position,501
-70.6,um,Spot,Position,406,um,Spot,Position,499
-125,um,Spot,Position,418,um,Spot,Position,501
-10.1,um,Spot,Position,416,um,Spot,Position,500
-121,um,Spot,Position,452,um,Spot,Position,502
-53.4,um,Spot,Position,453,um,Spot,Position,501
-16,um,Spot,Position,458,um,Spot,Position,499
183,um,Spot,Position,471,um,Spot,Position,498
-147,um,Spot,Position,492,um,Spot,Position,504
-22.9,um,Spot,Position,507,um,Spot,Position,498
22.1,um,Spot,Position,505,um,Spot,Position,499
11,um,Spot,Position,530,um,Spot,Position,499
245,um,Spot,Position,541,um,Spot,Position,500
-66.9,um,Spot,Position,553,um,Spot,Position,499
-104,um,Spot,Position,565,um,Spot,Position,502
-31.5,um,Spot,Position,563,um,Spot,Position,500
4.64,um,Spot,Position,578,um,Spot,Position,501
-37.2,um,Spot,Position,582,um,Spot,Position,500
-104,um,Spot,Position,588,um,Spot,Position,501
20.2,um,Spot,Position,595,um,Spot,Position,501
114,um,Spot,Position,595,um,Spot,Position,502
-29.7,um,Spot,Position,624,um,Spot,Position,503
-154,um,Spot,Position,544,um,Spot,Position,504
-128,um,Spot,Position,607,um,Spot,Position,506
-103,um,Spot,Position,620,um,Spot,Position,505
151,um,Spot,Position,640,um,Spot,Position,505
-145,um,Spot,Position,642,um,Spot,Position,511
-11.5,um,Spot,Position,664,um,Spot,Position,507
-51,um,Spot,Position,678,um,Spot,Position,506
186,um,Spot,Position,679,um,Spot,Position,507
91,um,Spot,Position,663,um,Spot,Position,513
444,um,Spot,Position,303,um,Spot,Position,457
633,um,Spot,Position,553,um,Spot,Position,471
624,um,Spot,Position,486,um,Spot,Position,485
496,um,Spot,Position,655,um,Spot,Position,486
395,um,Spot,Position,298,um,Spot,Position,494
361,um,Spot,Position,364,um,Spot,Position,493
425,um,Spot,Position,384,um,Spot,Position,494
373,um,Spot,Position,428,um,Spot,Position,495
402,um,Spot,Position,427,um,Spot,Position,495
412,um,Spot,Position,446,um,Spot,Position,496
342,um,Spot,Position,466,um,Spot,Position,496
309,um,Spot,Position,499,um,Spot,Position,497
388,um,Spot,Position,513,um,Spot,Position,491
505,um,Spot,Position,274,um,Spot,Position,499
562,um,Spot,Position,276,um,Spot,Position,501
325,um,Spot,Position,291,um,Spot,Position,497
470,um,Spot,Position,323,um,Spot,Position,499
597,um,Spot,Position,359,um,Spot,Position,501
478,um,Spot,Position,388,um,Spot,Position,500
582,um,Spot,Position,389,um,Spot,Position,502
537,um,Spot,Position,415,um,Spot,Position,500
268,um,Spot,Position,429,um,Spot,Position,497
372,um,Spot,Position,443,um,Spot,Position,498
525,um,Spot,Position,452,um,Spot,Position,502
579,um,Spot,Position,458,um,Spot,Position,503
543,um,Spot,Position,486,um,Spot,Position,501
510,um,Spot,Position,490,um,Spot,Position,499
461,um,Spot,Position,536,um,Spot,Position,501
274,um,Spot,Position,542,um,Spot,Position,500
309,um,Spot,Position,556,um,Spot,Position,499
441,um,Spot,Position,574,um,Spot,Position,501
311,um,Spot,Position,580,um,Spot,Position,502
277,um,Spot,Position,596,um,Spot,Position,499
464,um,Spot,Position,607,um,Spot,Position,503
346,um,Spot,Position,617,um,Spot,Position,503
659,um,Spot,Position,394,um,Spot,Position,506
577,um,Spot,Position,505,um,Spot,Position,508
607,um,Spot,Position,519,um,Spot,Position,510
607,um,Spot,Position,535,um,Spot,Position,508
639,um,Spot,Position,556,um,Spot,Position,511
651,um,Spot,Position,569,um,Spot,Position,511
499,um,Spot,Position,589,um,Spot,Position,505
610,um,Spot,Position,629,um,Spot,Position,509
328,um,Spot,Position,668,um,Spot,Position,507
640,um,Spot,Position,416,um,Spot,Position,513
511,um,Spot,Position,651,um,Spot,Position,514
814,um,Spot,Position,303,um,Spot,Position,457
955,um,Spot,Position,316,um,Spot,Position,465
734,um,Spot,Position,633,um,Spot,Position,467
1065,um,Spot,Position,375,um,Spot,Position,471
962,um,Spot,Position,553,um,Spot,Position,501
801,um,Spot,Position,674,um,Spot,Position,504
827,um,Spot,Position,422,um,Spot,Position,509
868,um,Spot,Position,402,um,Spot,Position,516
876,um,Spot,Position,456,um,Spot,Position,517
772,um,Spot,Position,470,um,Spot,Position,513
833,um,Spot,Position,468,um,Spot,Position,516
762,um,Spot,Position,517,um,Spot,Position,514
780,um,Spot,Position,577,um,Spot,Position,515
730,um,Spot,Position,635,um,Spot,Position,514
877,um,Spot,Position,316,um,Spot,Position,520
834,um,Spot,Position,520,um,Spot,Position,520
820,um,Spot,Position,579,um,Spot,Position,518
810,um,Spot,Position,609,um,Spot,Position,519
829,um,Spot,Position,639,um,Spot,Position,527
1077,um,Spot,Position,664,um,Spot,Position,527
1095,um,Spot,Position,634,um,Spot,Position,537
1308,um,Spot,Position,310,um,Spot,Position,459
1482,um,Spot,Position,263,um,Spot,Position,525
1128,um,Spot,Position,263,um,Spot,Position,537
1126,um,Spot,Position,310,um,Spot,Position,537
1152,um,Spot,Position,370,um,Spot,Position,538
1154,um,Spot,Position,271,um,Spot,Position,540
1207,um,Spot,Position,278,um,Spot,Position,543
1178,um,Spot,Position,300,um,Spot,Position,541
1162,um,Spot,Position,311,um,Spot,Position,540
1180,um,Spot,Position,342,um,Spot,Position,542
1171,um,Spot,Position,415,um,Spot,Position,543
1136,um,Spot,Position,426,um,Spot,Position,544
1151,um,Spot,Position,510,um,Spot,Position,542
1137,um,Spot,Position,614,um,Spot,Position,544
1230,um,Spot,Position,646,um,Spot,Position,544
1129,um,Spot,Position,667,um,Spot,Position,544
1251,um,Spot,Position,270,um,Spot,Position,550
1344,um,Spot,Position,339,um,Spot,Position,548
1247,um,Spot,Position,339,um,Spot,Position,550
1217,um,Spot,Position,360,um,Spot,Position,546
1263,um,Spot,Position,368,um,Spot,Position,551
1222,um,Spot,Position,408,um,Spot,Position,549
1174,um,Spot,Position,537,um,Spot,Position,547
1215,um,Spot,Position,673,um,Spot,Position,553
1283,um,Spot,Position,307,um,Spot,Position,554
1323,um,Spot,Position,328,um,Spot,Position,560
1294,um,Spot,Position,342,um,Spot,Position,554
1312,um,Spot,Position,399,um,Spot,Position,560
1276,um,Spot,Position,402,um,Spot,Position,559
1249,um,Spot,Position,417,um,Spot,Position,553
1303,um,Spot,Position,423,um,Spot,Position,558
1260,um,Spot,Position,465,um,Spot,Position,559
1638,um,Spot,Position,492,um,Spot,Position,538
1617,um,Spot,Position,374,um,Spot,Position,552
-641,um,Spot,Position,779,um,Spot,Position,489
-833,um,Spot,Position,756,um,Spot,Position,507
-869,um,Spot,Position,773,um,Spot,Position,511
-897,um,Spot,Position,938,um,Spot,Position,517
-649,um,Spot,Position,684,um,Spot,Position,556
-625,um,Spot,Position,717,um,Spot,Position,555
-673,um,Spot,Position,722,um,Spot,Position,558
-595,um,Spot,Position,745,um,Spot,Position,555
-636,um,Spot,Position,747,um,Spot,Position,557
-627,um,Spot,Position,813,um,Spot,Position,557
-358,um,Spot,Position,824,um,Spot,Position,485
-320,um,Spot,Position,777,um,Spot,Position,490
-312,um,Spot,Position,708,um,Spot,Position,506
-238,um,Spot,Position,684,um,Spot,Position,516
-182,um,Spot,Position,685,um,Spot,Position,514
-296,um,Spot,Position,707,um,Spot,Position,523
-276,um,Spot,Position,749,um,Spot,Position,523
-238,um,Spot,Position,762,um,Spot,Position,521
-293,um,Spot,Position,766,um,Spot,Position,523
-215,um,Spot,Position,788,um,Spot,Position,521
-228,um,Spot,Position,821,um,Spot,Position,524
-259,um,Spot,Position,864,um,Spot,Position,528
-237,um,Spot,Position,895,um,Spot,Position,529
-213,um,Spot,Position,916,um,Spot,Position,529
-196,um,Spot,Position,950,um,Spot,Position,531
-212,um,Spot,Position,1044,um,Spot,Position,532
-482,um,Spot,Position,705,um,Spot,Position,538
-449,um,Spot,Position,746,um,Spot,Position,534
-274,um,Spot,Position,939,um,Spot,Position,537
-527,um,Spot,Position,703,um,Spot,Position,541
-508,um,Spot,Position,732,um,Spot,Position,543
-415,um,Spot,Position,872,um,Spot,Position,546
-380,um,Spot,Position,925,um,Spot,Position,545
-350,um,Spot,Position,931,um,Spot,Position,542
-243,um,Spot,Position,988,um,Spot,Position,540
-178,um,Spot,Position,1025,um,Spot,Position,540
-246,um,Spot,Position,1040,um,Spot,Position,545
-529,um,Spot,Position,760,um,Spot,Position,548
-513,um,Spot,Position,791,um,Spot,Position,546
-312,um,Spot,Position,943,um,Spot,Position,548
-347,um,Spot,Position,972,um,Spot,Position,548
-307,um,Spot,Position,1002,um,Spot,Position,552
-285,um,Spot,Position,1026,um,Spot,Position,546
-463,um,Spot,Position,957,um,Spot,Position,559
-321,um,Spot,Position,1067,um,Spot,Position,556
-260,um,Spot,Position,1083,um,Spot,Position,554
228,um,Spot,Position,869,um,Spot,Position,454
38.2,um,Spot,Position,1069,um,Spot,Position,452
-165,um,Spot,Position,907,um,Spot,Position,473
197,um,Spot,Position,1028,um,Spot,Position,473
54.1,um,Spot,Position,713,um,Spot,Position,484
254,um,Spot,Position,818,um,Spot,Position,496
226,um,Spot,Position,704,um,Spot,Position,500
-98.5,um,Spot,Position,816,um,Spot,Position,501
-28.8,um,Spot,Position,988,um,Spot,Position,498
137,um,Spot,Position,689,um,Spot,Position,511
-102,um,Spot,Position,707,um,Spot,Position,511
208,um,Spot,Position,744,um,Spot,Position,508
-43.8,um,Spot,Position,766,um,Spot,Position,510
238,um,Spot,Position,764,um,Spot,Position,506
185,um,Spot,Position,783,um,Spot,Position,507
134,um,Spot,Position,715,um,Spot,Position,516
106,um,Spot,Position,719,um,Spot,Position,515
-149,um,Spot,Position,733,um,Spot,Position,517
-116,um,Spot,Position,750,um,Spot,Position,512
-64.4,um,Spot,Position,748,um,Spot,Position,514
-144,um,Spot,Position,762,um,Spot,Position,514
-128,um,Spot,Position,786,um,Spot,Position,514
121,um,Spot,Position,788,um,Spot,Position,513
66.1,um,Spot,Position,803,um,Spot,Position,514
-120,um,Spot,Position,808,um,Spot,Position,514
143,um,Spot,Position,811,um,Spot,Position,512
-61.6,um,Spot,Position,838,um,Spot,Position,517
90.9,um,Spot,Position,850,um,Spot,Position,515
155,um,Spot,Position,868,um,Spot,Position,514
121,um,Spot,Position,873,um,Spot,Position,515
203,um,Spot,Position,874,um,Spot,Position,512
160,um,Spot,Position,914,um,Spot,Position,518
128,um,Spot,Position,984,um,Spot,Position,516
99.1,um,Spot,Position,1012,um,Spot,Position,514
26.6,um,Spot,Position,759,um,Spot,Position,522
-38.6,um,Spot,Position,797,um,Spot,Position,520
-151,um,Spot,Position,834,um,Spot,Position,519
-102,um,Spot,Position,846,um,Spot,Position,518
-125,um,Spot,Position,848,um,Spot,Position,521
-56.9,um,Spot,Position,874,um,Spot,Position,519
-74.6,um,Spot,Position,891,um,Spot,Position,521
-168,um,Spot,Position,905,um,Spot,Position,520
100,um,Spot,Position,939,um,Spot,Position,520
183,um,Spot,Position,946,um,Spot,Position,519
254,um,Spot,Position,970,um,Spot,Position,523
63.3,um,Spot,Position,970,um,Spot,Position,525
198,um,Spot,Position,977,um,Spot,Position,524
88.5,um,Spot,Position,1027,um,Spot,Position,523
42.6,um,Spot,Position,735,um,Spot,Position,529
34.7,um,Spot,Position,795,um,Spot,Position,529
-47.9,um,Spot,Position,921,um,Spot,Position,525
-100,um,Spot,Position,946,um,Spot,Position,527
-112,um,Spot,Position,987,um,Spot,Position,530
117,um,Spot,Position,1039,um,Spot,Position,529
238,um,Spot,Position,1045,um,Spot,Position,530
167,um,Spot,Position,1062,um,Spot,Position,530
-139,um,Spot,Position,972,um,Spot,Position,533
-125,um,Spot,Position,1025,um,Spot,Position,536
-70.5,um,Spot,Position,1024,um,Spot,Position,533
-52.1,um,Spot,Position,1024,um,Spot,Position,538
-5.44,um,Spot,Position,1042,um,Spot,Position,534
96.2,um,Spot,Position,1059,um,Spot,Position,534
221,um,Spot,Position,1072,um,Spot,Position,534
-39.9,um,Spot,Position,1084,um,Spot,Position,536
30.3,um,Spot,Position,1088,um,Spot,Position,539
139,um,Spot,Position,1094,um,Spot,Position,534
-66,um,Spot,Position,1103,um,Spot,Position,537
22.8,um,Spot,Position,801,um,Spot,Position,542
-146,um,Spot,Position,1053,um,Spot,Position,540
-141,um,Spot,Position,1098,um,Spot,Position,546
172,um,Spot,Position,696,um,Spot,Position,556
389,um,Spot,Position,836,um,Spot,Position,460
263,um,Spot,Position,948,um,Spot,Position,466
537,um,Spot,Position,989,um,Spot,Position,476
466,um,Spot,Position,996,um,Spot,Position,486
430,um,Spot,Position,722,um,Spot,Position,494
265,um,Spot,Position,830,um,Spot,Position,497
404,um,Spot,Position,766,um,Spot,Position,501
260,um,Spot,Position,855,um,Spot,Position,500
505,um,Spot,Position,692,um,Spot,Position,507
507,um,Spot,Position,723,um,Spot,Position,508
473,um,Spot,Position,734,um,Spot,Position,508
376,um,Spot,Position,739,um,Spot,Position,506
523,um,Spot,Position,749,um,Spot,Position,508
447,um,Spot,Position,791,um,Spot,Position,509
646,um,Spot,Position,704,um,Spot,Position,514
571,um,Spot,Position,739,um,Spot,Position,513
476,um,Spot,Position,765,um,Spot,Position,512
588,um,Spot,Position,770,um,Spot,Position,514
553,um,Spot,Position,775,um,Spot,Position,513
580,um,Spot,Position,796,um,Spot,Position,515
490,um,Spot,Position,800,um,Spot,Position,513
529,um,Spot,Position,820,um,Spot,Position,514
373,um,Spot,Position,834,um,Spot,Position,511
470,um,Spot,Position,852,um,Spot,Position,514
516,um,Spot,Position,868,um,Spot,Position,516
546,um,Spot,Position,874,um,Spot,Position,517
643,um,Spot,Position,831,um,Spot,Position,521
575,um,Spot,Position,862,um,Spot,Position,519
494,um,Spot,Position,908,um,Spot,Position,520
433,um,Spot,Position,959,um,Spot,Position,523
504,um,Spot,Position,990,um,Spot,Position,523
322,um,Spot,Position,924,um,Spot,Position,526
529,um,Spot,Position,946,um,Spot,Position,527
526,um,Spot,Position,978,um,Spot,Position,527
576,um,Spot,Position,1019,um,Spot,Position,532
598,um,Spot,Position,1048,um,Spot,Position,536
308,um,Spot,Position,1068,um,Spot,Position,534
631,um,Spot,Position,1040,um,Spot,Position,542
621,um,Spot,Position,1078,um,Spot,Position,545
663,um,Spot,Position,1088,um,Spot,Position,544
597,um,Spot,Position,1097,um,Spot,Position,542
533,um,Spot,Position,1101,um,Spot,Position,540
746,um,Spot,Position,1071,um,Spot,Position,460
746,um,Spot,Position,778,um,Spot,Position,468
919,um,Spot,Position,860,um,Spot,Position,471
1069,um,Spot,Position,920,um,Spot,Position,470
845,um,Spot,Position,977,um,Spot,Position,478
848,um,Spot,Position,822,um,Spot,Position,491
796,um,Spot,Position,838,um,Spot,Position,501
753,um,Spot,Position,709,um,Spot,Position,514
843,um,Spot,Position,682,um,Spot,Position,527
868,um,Spot,Position,738,um,Spot,Position,531
796,um,Spot,Position,759,um,Spot,Position,525
783,um,Spot,Position,875,um,Spot,Position,530
724,um,Spot,Position,906,um,Spot,Position,531
741,um,Spot,Position,968,um,Spot,Position,537
694,um,Spot,Position,1029,um,Spot,Position,541
1079,um,Spot,Position,755,um,Spot,Position,546
969,um,Spot,Position,840,um,Spot,Position,549
912,um,Spot,Position,988,um,Spot,Position,551
875,um,Spot,Position,993,um,Spot,Position,546
820,um,Spot,Position,1004,um,Spot,Position,547
807,um,Spot,Position,1076,um,Spot,Position,552
945,um,Spot,Position,1012,um,Spot,Position,557
883,um,Spot,Position,1051,um,Spot,Position,554
1141,um,Spot,Position,862,um,Spot,Position,479
1213,um,Spot,Position,1053,um,Spot,Position,517
1146,um,Spot,Position,881,um,Spot,Position,521
1158,um,Spot,Position,695,um,Spot,Position,548
1129,um,Spot,Position,716,um,Spot,Position,546
1171,um,Spot,Position,753,um,Spot,Position,551
1162,um,Spot,Position,785,um,Spot,Position,552
1252,um,Spot,Position,693,um,Spot,Position,556
1218,um,Spot,Position,731,um,Spot,Position,556
1170,um,Spot,Position,800,um,Spot,Position,554
1134,um,Spot,Position,874,um,Spot,Position,559
1237,um,Spot,Position,887,um,Spot,Position,558
1568,um,Spot,Position,831,um,Spot,Position,538
-993,um,Spot,Position,1107,um,Spot,Position,527
-610,um,Spot,Position,1134,um,Spot,Position,552
-255,um,Spot,Position,1220,um,Spot,Position,499
-184,um,Spot,Position,1243,um,Spot,Position,498
-244,um,Spot,Position,1464,um,Spot,Position,502
-424,um,Spot,Position,1166,um,Spot,Position,520
-319,um,Spot,Position,1420,um,Spot,Position,550
-271,um,Spot,Position,1113,um,Spot,Position,555
-228,um,Spot,Position,1126,um,Spot,Position,553
-272,um,Spot,Position,1143,um,Spot,Position,557
180,um,Spot,Position,1496,um,Spot,Position,474
188,um,Spot,Position,1145,um,Spot,Position,477
4.38,um,Spot,Position,1428,um,Spot,Position,490
-78.1,um,Spot,Position,1106,um,Spot,Position,510
218,um,Spot,Position,1483,um,Spot,Position,522
220,um,Spot,Position,1357,um,Spot,Position,530
-153,um,Spot,Position,1450,um,Spot,Position,529
187,um,Spot,Position,1121,um,Spot,Position,537
22.1,um,Spot,Position,1132,um,Spot,Position,543
175,um,Spot,Position,1142,um,Spot,Position,541
216,um,Spot,Position,1450,um,Spot,Position,543
-139,um,Spot,Position,1111,um,Spot,Position,547
-118,um,Spot,Position,1135,um,Spot,Position,551
-107,um,Spot,Position,1162,um,Spot,Position,551
-82.5,um,Spot,Position,1163,um,Spot,Position,550
4.71,um,Spot,Position,1165,um,Spot,Position,548
14.5,um,Spot,Position,1189,um,Spot,Position,551
134,um,Spot,Position,1206,um,Spot,Position,552
222,um,Spot,Position,1224,um,Spot,Position,551
-141,um,Spot,Position,1167,um,Spot,Position,554
-108,um,Spot,Position,1187,um,Spot,Position,555
-6.09,um,Spot,Position,1214,um,Spot,Position,556
44.8,um,Spot,Position,1246,um,Spot,Position,557
629,um,Spot,Position,1359,um,Spot,Position,461
595,um,Spot,Position,1286,um,Spot,Position,492
459,um,Spot,Position,1314,um,Spot,Position,513
532,um,Spot,Position,1407,um,Spot,Position,516
413,um,Spot,Position,1409,um,Spot,Position,538
565,um,Spot,Position,1110,um,Spot,Position,542
394,um,Spot,Position,1139,um,Spot,Position,541
466,um,Spot,Position,1261,um,Spot,Position,543
345,um,Spot,Position,1157,um,Spot,Position,548
541,um,Spot,Position,1179,um,Spot,Position,549
585,um,Spot,Position,1183,um,Spot,Position,552
383,um,Spot,Position,1199,um,Spot,Position,548
470,um,Spot,Position,1213,um,Spot,Position,548
676,um,Spot,Position,1156,um,Spot,Position,555
616,um,Spot,Position,1174,um,Spot,Position,553
654,um,Spot,Position,1187,um,Spot,Position,556
565,um,Spot,Position,1217,um,Spot,Position,555
1038,um,Spot,Position,1162,um,Spot,Position,472
904,um,Spot,Position,1260,um,Spot,Position,497
807,um,Spot,Position,1402,um,Spot,Position,537
800,um,Spot,Position,1380,um,Spot,Position,543
776,um,Spot,Position,1138,um,Spot,Position,557
698,um,Spot,Position,1369,um,Spot,Position,554
1310,um,Spot,Position,1308,um,Spot,Position,537
1331,um,Spot,Position,1443,um,Spot,Position,546
191,um,Spot,Position,1568,um,Spot,Position,555
333,um,Spot,Position,1587,um,Spot,Position,510
-616,um,Spot,Position,-673,um,Spot,Position,568
-1018,um,Spot,Position,-721,um,Spot,Position,575
-603,um,Spot,Position,-660,um,Spot,Position,575
-464,um,Spot,Position,-826,um,Spot,Position,564
-175,um,Spot,Position,-607,um,Spot,Position,565
-213,um,Spot,Position,-597,um,Spot,Position,562
-225,um,Spot,Position,-641,um,Spot,Position,574
-180,um,Spot,Position,-634,um,Spot,Position,571
-296,um,Spot,Position,-629,um,Spot,Position,573
-243,um,Spot,Position,-627,um,Spot,Position,571
-409,um,Spot,Position,-936,um,Spot,Position,575
-386,um,Spot,Position,-922,um,Spot,Position,575
-389,um,Spot,Position,-895,um,Spot,Position,574
-282,um,Spot,Position,-773,um,Spot,Position,576
-278,um,Spot,Position,-737,um,Spot,Position,577
-257,um,Spot,Position,-710,um,Spot,Position,577
-404,um,Spot,Position,-679,um,Spot,Position,575
-192,um,Spot,Position,-680,um,Spot,Position,581
-374,um,Spot,Position,-668,um,Spot,Position,574
-281,um,Spot,Position,-660,um,Spot,Position,575
-424,um,Spot,Position,-652,um,Spot,Position,575
-412,um,Spot,Position,-626,um,Spot,Position,574
-367,um,Spot,Position,-614,um,Spot,Position,574
-468,um,Spot,Position,-608,um,Spot,Position,575
-207,um,Spot,Position,-765,um,Spot,Position,584
-209,um,Spot,Position,-727,um,Spot,Position,584
-229,um,Spot,Position,-690,um,Spot,Position,582
214,um,Spot,Position,-690,um,Spot,Position,564
134,um,Spot,Position,-676,um,Spot,Position,564
164,um,Spot,Position,-672,um,Spot,Position,564
10.2,um,Spot,Position,-669,um,Spot,Position,566
51.8,um,Spot,Position,-652,um,Spot,Position,562
145,um,Spot,Position,-634,um,Spot,Position,561
203,um,Spot,Position,-718,um,Spot,Position,568
167,um,Spot,Position,-717,um,Spot,Position,571
-15.8,um,Spot,Position,-684,um,Spot,Position,567
-144,um,Spot,Position,-639,um,Spot,Position,568
172,um,Spot,Position,-732,um,Spot,Position,580
-40.2,um,Spot,Position,-713,um,Spot,Position,581
-133,um,Spot,Position,-675,um,Spot,Position,577
72.7,um,Spot,Position,-982,um,Spot,Position,582
50.6,um,Spot,Position,-948,um,Spot,Position,585
-49.8,um,Spot,Position,-904,um,Spot,Position,585
115,um,Spot,Position,-841,um,Spot,Position,585
-143,um,Spot,Position,-836,um,Spot,Position,585
8.38,um,Spot,Position,-833,um,Spot,Position,585
-70.5,um,Spot,Position,-829,um,Spot,Position,586
71.3,um,Spot,Position,-827,um,Spot,Position,586
-95.1,um,Spot,Position,-825,um,Spot,Position,586
-48.1,um,Spot,Position,-821,um,Spot,Position,585
132,um,Spot,Position,-822,um,Spot,Position,585
-114,um,Spot,Position,-802,um,Spot,Position,585
63.3,um,Spot,Position,-801,um,Spot,Position,585
107,um,Spot,Position,-797,um,Spot,Position,585
-59.7,um,Spot,Position,-789,um,Spot,Position,585
-5.5,um,Spot,Position,-786,um,Spot,Position,585
135,um,Spot,Position,-786,um,Spot,Position,584
-92.9,um,Spot,Position,-777,um,Spot,Position,585
15.6,um,Spot,Position,-767,um,Spot,Position,585
42.4,um,Spot,Position,-761,um,Spot,Position,584
-139,um,Spot,Position,-749,um,Spot,Position,585
214,um,Spot,Position,-748,um,Spot,Position,582
-29.1,um,Spot,Position,-731,um,Spot,Position,584
-78.7,um,Spot,Position,-727,um,Spot,Position,583
-0.319,um,Spot,Position,-723,um,Spot,Position,582
-141,um,Spot,Position,-711,um,Spot,Position,584
-52.8,um,Spot,Position,-694,um,Spot,Position,582
-166,um,Spot,Position,-680,um,Spot,Position,581
570,um,Spot,Position,-785,um,Spot,Position,566
439,um,Spot,Position,-706,um,Spot,Position,566
500,um,Spot,Position,-666,um,Spot,Position,562
459,um,Spot,Position,-663,um,Spot,Position,562
568,um,Spot,Position,-655,um,Spot,Position,566
615,um,Spot,Position,-636,um,Spot,Position,564
558,um,Spot,Position,-804,um,Spot,Position,574
562,um,Spot,Position,-753,um,Spot,Position,574
442,um,Spot,Position,-746,um,Spot,Position,573
521,um,Spot,Position,-726,um,Spot,Position,570
510,um,Spot,Position,-710,um,Spot,Position,568
623,um,Spot,Position,-681,um,Spot,Position,573
543,um,Spot,Position,-789,um,Spot,Position,578
497,um,Spot,Position,-762,um,Spot,Position,578
588,um,Spot,Position,-726,um,Spot,Position,579
632,um,Spot,Position,-707,um,Spot,Position,580
442,um,Spot,Position,-913,um,Spot,Position,586
384,um,Spot,Position,-889,um,Spot,Position,586
324,um,Spot,Position,-871,um,Spot,Position,585
258,um,Spot,Position,-869,um,Spot,Position,585
587,um,Spot,Position,-865,um,Spot,Position,586
521,um,Spot,Position,-861,um,Spot,Position,585
467,um,Spot,Position,-841,um,Spot,Position,586
346,um,Spot,Position,-836,um,Spot,Position,585
499,um,Spot,Position,-803,um,Spot,Position,585
600,um,Spot,Position,-795,um,Spot,Position,586
634,um,Spot,Position,-777,um,Spot,Position,586
593,um,Spot,Position,-776,um,Spot,Position,585
670,um,Spot,Position,-751,um,Spot,Position,586
640,um,Spot,Position,-736,um,Spot,Position,585
1035,um,Spot,Position,-974,um,Spot,Position,566
716,um,Spot,Position,-628,um,Spot,Position,565
740,um,Spot,Position,-597,um,Spot,Position,562
706,um,Spot,Position,-655,um,Spot,Position,572
787,um,Spot,Position,-601,um,Spot,Position,570
789,um,Spot,Position,-655,um,Spot,Position,580
683,um,Spot,Position,-841,um,Spot,Position,586
781,um,Spot,Position,-755,um,Spot,Position,586
805,um,Spot,Position,-721,um,Spot,Position,586
960,um,Spot,Position,-703,um,Spot,Position,586
1063,um,Spot,Position,-703,um,Spot,Position,585
747,um,Spot,Position,-687,um,Spot,Position,584
915,um,Spot,Position,-667,um,Spot,Position,586
810,um,Spot,Position,-659,um,Spot,Position,584
886,um,Spot,Position,-643,um,Spot,Position,585
907,um,Spot,Position,-625,um,Spot,Position,584
1099,um,Spot,Position,-604,um,Spot,Position,590
1334,um,Spot,Position,-757,um,Spot,Position,566
1300,um,Spot,Position,-1018,um,Spot,Position,571
1374,um,Spot,Position,-745,um,Spot,Position,598
1163,um,Spot,Position,-702,um,Spot,Position,598
-600,um,Spot,Position,-323,um,Spot,Position,565
-595,um,Spot,Position,-289,um,Spot,Position,565
-650,um,Spot,Position,-217,um,Spot,Position,562
-612,um,Spot,Position,-386,um,Spot,Position,573
-607,um,Spot,Position,-361,um,Spot,Position,571
-669,um,Spot,Position,-357,um,Spot,Position,574
-654,um,Spot,Position,-303,um,Spot,Position,570
-659,um,Spot,Position,-269,um,Spot,Position,568
-736,um,Spot,Position,-212,um,Spot,Position,572
-762,um,Spot,Position,-181,um,Spot,Position,571
-673,um,Spot,Position,-479,um,Spot,Position,575
-949,um,Spot,Position,-474,um,Spot,Position,574
-959,um,Spot,Position,-466,um,Spot,Position,575
-723,um,Spot,Position,-383,um,Spot,Position,575
-751,um,Spot,Position,-302,um,Spot,Position,574
-817,um,Spot,Position,-239,um,Spot,Position,577
-781,um,Spot,Position,-209,um,Spot,Position,575
-821,um,Spot,Position,-201,um,Spot,Position,575
-821,um,Spot,Position,-201,um,Spot,Position,598
-249,um,Spot,Position,-583,um,Spot,Position,565
-249,um,Spot,Position,-550,um,Spot,Position,564
-331,um,Spot,Position,-532,um,Spot,Position,565
-344,um,Spot,Position,-510,um,Spot,Position,565
-526,um,Spot,Position,-378,um,Spot,Position,566
-556,um,Spot,Position,-310,um,Spot,Position,560
-592,um,Spot,Position,-257,um,Spot,Position,562
-288,um,Spot,Position,-590,um,Spot,Position,568
-452,um,Spot,Position,-563,um,Spot,Position,574
-403,um,Spot,Position,-559,um,Spot,Position,571
-369,um,Spot,Position,-546,um,Spot,Position,569
-423,um,Spot,Position,-530,um,Spot,Position,570
-436,um,Spot,Position,-526,um,Spot,Position,571
-546,um,Spot,Position,-482,um,Spot,Position,573
-123,um,Spot,Position,-580,um,Spot,Position,563
808,um,Spot,Position,-563,um,Spot,Position,566
765,um,Spot,Position,-557,um,Spot,Position,561
851,um,Spot,Position,-513,um,Spot,Position,562
912,um,Spot,Position,-440,um,Spot,Position,560
1023,um,Spot,Position,-432,um,Spot,Position,563
889,um,Spot,Position,-588,um,Spot,Position,571
1049,um,Spot,Position,-473,um,Spot,Position,575
1105,um,Spot,Position,-436,um,Spot,Position,577
1105,um,Spot,Position,-415,um,Spot,Position,576
1060,um,Spot,Position,-579,um,Spot,Position,587
924,um,Spot,Position,-576,um,Spot,Position,584
1100,um,Spot,Position,-535,um,Spot,Position,587
1213,um,Spot,Position,-320,um,Spot,Position,567
1160,um,Spot,Position,-255,um,Spot,Position,565
1143,um,Spot,Position,-241,um,Spot,Position,563
1161,um,Spot,Position,-217,um,Spot,Position,563
1162,um,Spot,Position,-189,um,Spot,Position,563
1175,um,Spot,Position,-303,um,Spot,Position,567
1220,um,Spot,Position,-254,um,Spot,Position,571
1476,um,Spot,Position,-253,um,Spot,Position,569
1200,um,Spot,Position,-211,um,Spot,Position,569
1144,um,Spot,Position,-537,um,Spot,Position,580
1133,um,Spot,Position,-526,um,Spot,Position,579
1153,um,Spot,Position,-399,um,Spot,Position,580
1174,um,Spot,Position,-351,um,Spot,Position,576
1254,um,Spot,Position,-285,um,Spot,Position,577
1310,um,Spot,Position,-275,um,Spot,Position,581
1261,um,Spot,Position,-253,um,Spot,Position,579
1280,um,Spot,Position,-230,um,Spot,Position,578
1292,um,Spot,Position,-297,um,Spot,Position,586
1309,um,Spot,Position,-220,um,Spot,Position,583
1342,um,Spot,Position,-238,um,Spot,Position,593
1251,um,Spot,Position,-461,um,Spot,Position,598
1489,um,Spot,Position,-460,um,Spot,Position,598
1183,um,Spot,Position,-431,um,Spot,Position,598
1264,um,Spot,Position,-356,um,Spot,Position,598
1316,um,Spot,Position,-346,um,Spot,Position,598
1278,um,Spot,Position,-337,um,Spot,Position,598
1345,um,Spot,Position,-333,um,Spot,Position,598
1214,um,Spot,Position,-321,um,Spot,Position,598
1413,um,Spot,Position,-316,um,Spot,Position,598
1331,um,Spot,Position,-300,um,Spot,Position,598
1292,um,Spot,Position,-297,um,Spot,Position,598
1388,um,Spot,Position,-263,um,Spot,Position,598
1706,um,Spot,Position,-253,um,Spot,Position,566
1856,um,Spot,Position,-432,um,Spot,Position,598
1772,um,Spot,Position,-215,um,Spot,Position,598
-706,um,Spot,Position,-159,um,Spot,Position,564
-748,um,Spot,Position,-86,um,Spot,Position,564
-724,um,Spot,Position,-63.8,um,Spot,Position,561
-767,um,Spot,Position,-31.5,um,Spot,Position,562
-738,um,Spot,Position,-28.6,um,Spot,Position,561
-746,um,Spot,Position,42.7,um,Spot,Position,560
-854,um,Spot,Position,203,um,Spot,Position,564
-849,um,Spot,Position,244,um,Spot,Position,563
-790,um,Spot,Position,-107,um,Spot,Position,572
-802,um,Spot,Position,-71.9,um,Spot,Position,568
-821,um,Spot,Position,-3.72,um,Spot,Position,568
-847,um,Spot,Position,59.2,um,Spot,Position,571
-882,um,Spot,Position,110,um,Spot,Position,572
-880,um,Spot,Position,164,um,Spot,Position,568
-788,um,Spot,Position,-128,um,Spot,Position,580
-818,um,Spot,Position,-119,um,Spot,Position,577
-822,um,Spot,Position,-95.3,um,Spot,Position,574
-869,um,Spot,Position,-67.8,um,Spot,Position,579
-843,um,Spot,Position,-54.8,um,Spot,Position,574
-874,um,Spot,Position,-36.8,um,Spot,Position,578
-872,um,Spot,Position,-7.11,um,Spot,Position,577
-870,um,Spot,Position,28.4,um,Spot,Position,576
-933,um,Spot,Position,177,um,Spot,Position,579
-927,um,Spot,Position,211,um,Spot,Position,576
-872,um,Spot,Position,-100,um,Spot,Position,582
-905,um,Spot,Position,-95.7,um,Spot,Position,588
-899,um,Spot,Position,-63.9,um,Spot,Position,585
-911,um,Spot,Position,55.6,um,Spot,Position,582
-943,um,Spot,Position,125,um,Spot,Position,583
-993,um,Spot,Position,-72,um,Spot,Position,594
-922,um,Spot,Position,-42.2,um,Spot,Position,594
-1017,um,Spot,Position,-38.7,um,Spot,Position,594
-926,um,Spot,Position,-20,um,Spot,Position,591
-999,um,Spot,Position,70.4,um,Spot,Position,595
-1012,um,Spot,Position,200,um,Spot,Position,594
-936,um,Spot,Position,-156,um,Spot,Position,598
-871,um,Spot,Position,-137,um,Spot,Position,598
-788,um,Spot,Position,-128,um,Spot,Position,598
-1000,um,Spot,Position,-119,um,Spot,Position,598
-934,um,Spot,Position,-115,um,Spot,Position,598
-871,um,Spot,Position,-101,um,Spot,Position,598
-822,um,Spot,Position,-95.2,um,Spot,Position,598
-957,um,Spot,Position,-67.6,um,Spot,Position,598
-869,um,Spot,Position,-67.3,um,Spot,Position,598
-899,um,Spot,Position,-63.9,um,Spot,Position,598
-989,um,Spot,Position,-37.2,um,Spot,Position,598
-932,um,Spot,Position,-2.31,um,Spot,Position,598
-987,um,Spot,Position,15.3,um,Spot,Position,598
-871,um,Spot,Position,28.6,um,Spot,Position,598
-744,um,Spot,Position,42.3,um,Spot,Position,598
-964,um,Spot,Position,44.4,um,Spot,Position,598
-912,um,Spot,Position,55.7,um,Spot,Position,598
-997,um,Spot,Position,125,um,Spot,Position,598
-934,um,Spot,Position,179,um,Spot,Position,598
-1018,um,Spot,Position,242,um,Spot,Position,598
-990,um,Spot,Position,252,um,Spot,Position,598
1207,um,Spot,Position,-100,um,Spot,Position,564
1302,um,Spot,Position,88.1,um,Spot,Position,564
1277,um,Spot,Position,122,um,Spot,Position,561
1417,um,Spot,Position,190,um,Spot,Position,566
1272,um,Spot,Position,-102,um,Spot,Position,571
1384,um,Spot,Position,-63.6,um,Spot,Position,571
1296,um,Spot,Position,-57.9,um,Spot,Position,572
1267,um,Spot,Position,-50.9,um,Spot,Position,567
1313,um,Spot,Position,26,um,Spot,Position,570
1369,um,Spot,Position,95.4,um,Spot,Position,573
1333,um,Spot,Position,100,um,Spot,Position,567
1366,um,Spot,Position,116,um,Spot,Position,572
1336,um,Spot,Position,143,um,Spot,Position,567
1403,um,Spot,Position,209,um,Spot,Position,572
1347,um,Spot,Position,-112,um,Spot,Position,579
1398,um,Spot,Position,84.1,um,Spot,Position,578
1456,um,Spot,Position,145,um,Spot,Position,580
1430,um,Spot,Position,155,um,Spot,Position,578
1461,um,Spot,Position,212,um,Spot,Position,579
1462,um,Spot,Position,244,um,Spot,Position,579
1391,um,Spot,Position,-106,um,Spot,Position,585
1408,um,Spot,Position,-74,um,Spot,Position,583
1491,um,Spot,Position,113,um,Spot,Position,587
1462,um,Spot,Position,164,um,Spot,Position,583
1503,um,Spot,Position,163,um,Spot,Position,587
1440,um,Spot,Position,-116,um,Spot,Position,594
1524,um,Spot,Position,134,um,Spot,Position,594
1491,um,Spot,Position,187,um,Spot,Position,588
1403,um,Spot,Position,-145,um,Spot,Position,598
1480,um,Spot,Position,-137,um,Spot,Position,598
1473,um,Spot,Position,-89.2,um,Spot,Position,598
1494,um,Spot,Position,-37.5,um,Spot,Position,598
1461,um,Spot,Position,14.3,um,Spot,Position,598
1494,um,Spot,Position,225,um,Spot,Position,598
1616,um,Spot,Position,-129,um,Spot,Position,578
1539,um,Spot,Position,94.2,um,Spot,Position,598
1570,um,Spot,Position,101,um,Spot,Position,598
1605,um,Spot,Position,101,um,Spot,Position,598
1552,um,Spot,Position,166,um,Spot,Position,598
1555,um,Spot,Position,197,um,Spot,Position,598
1559,um,Spot,Position,242,um,Spot,Position,598
1623,um,Spot,Position,244,um,Spot,Position,598
-914,um,Spot,Position,259,um,Spot,Position,567
-818,um,Spot,Position,326,um,Spot,Position,562
-779,um,Spot,Position,413,um,Spot,Position,561
-822,um,Spot,Position,423,um,Spot,Position,565
-817,um,Spot,Position,444,um,Spot,Position,566
-791,um,Spot,Position,511,um,Spot,Position,565
-738,um,Spot,Position,539,um,Spot,Position,562
-740,um,Spot,Position,556,um,Spot,Position,562
-753,um,Spot,Position,570,um,Spot,Position,561
-769,um,Spot,Position,583,um,Spot,Position,564
-657,um,Spot,Position,640,um,Spot,Position,561
-766,um,Spot,Position,658,um,Spot,Position,564
-903,um,Spot,Position,280,um,Spot,Position,570
-885,um,Spot,Position,320,um,Spot,Position,572
-847,um,Spot,Position,328,um,Spot,Position,568
-825,um,Spot,Position,382,um,Spot,Position,568
-878,um,Spot,Position,401,um,Spot,Position,572
-860,um,Spot,Position,428,um,Spot,Position,573
-853,um,Spot,Position,479,um,Spot,Position,571
-829,um,Spot,Position,489,um,Spot,Position,569
-856,um,Spot,Position,529,um,Spot,Position,573
-815,um,Spot,Position,547,um,Spot,Position,571
-827,um,Spot,Position,590,um,Spot,Position,573
-806,um,Spot,Position,627,um,Spot,Position,572
-777,um,Spot,Position,634,um,Spot,Position,567
-900,um,Spot,Position,361,um,Spot,Position,575
-925,um,Spot,Position,415,um,Spot,Position,581
-890,um,Spot,Position,427,um,Spot,Position,575
-873,um,Spot,Position,451,um,Spot,Position,575
-874,um,Spot,Position,486,um,Spot,Position,576
-841,um,Spot,Position,614,um,Spot,Position,577
-930,um,Spot,Position,467,um,Spot,Position,586
-901,um,Spot,Position,562,um,Spot,Position,584
-894,um,Spot,Position,600,um,Spot,Position,586
-891,um,Spot,Position,635,um,Spot,Position,585
-865,um,Spot,Position,650,um,Spot,Position,581
-962,um,Spot,Position,411,um,Spot,Position,595
-941,um,Spot,Position,521,um,Spot,Position,595
-930,um,Spot,Position,561,um,Spot,Position,594
-941,um,Spot,Position,592,um,Spot,Position,595
-907,um,Spot,Position,660,um,Spot,Position,594
-967,um,Spot,Position,286,um,Spot,Position,598
-960,um,Spot,Position,321,um,Spot,Position,598
-885,um,Spot,Position,319,um,Spot,Position,598
-819,um,Spot,Position,327,um,Spot,Position,598
-952,um,Spot,Position,351,um,Spot,Position,598
-902,um,Spot,Position,361,um,Spot,Position,598
-825,um,Spot,Position,382,um,Spot,Position,598
-878,um,Spot,Position,401,um,Spot,Position,598
-982,um,Spot,Position,404,um,Spot,Position,598
-925,um,Spot,Position,416,um,Spot,Position,598
-685,um,Spot,Position,426,um,Spot,Position,598
-1002,um,Spot,Position,464,um,Spot,Position,598
-930,um,Spot,Position,467,um,Spot,Position,598
-1006,um,Spot,Position,508,um,Spot,Position,598
-969,um,Spot,Position,505,um,Spot,Position,598
-737,um,Spot,Position,540,um,Spot,Position,598
-814,um,Spot,Position,547,um,Spot,Position,598
-1002,um,Spot,Position,552,um,Spot,Position,598
-901,um,Spot,Position,563,um,Spot,Position,598
-964,um,Spot,Position,567,um,Spot,Position,598
-1010,um,Spot,Position,584,um,Spot,Position,598
-982,um,Spot,Position,590,um,Spot,Position,598
-827,um,Spot,Position,590,um,Spot,Position,598
-894,um,Spot,Position,600,um,Spot,Position,598
-842,um,Spot,Position,613,um,Spot,Position,598
-987,um,Spot,Position,624,um,Spot,Position,598
-865,um,Spot,Position,650,um,Spot,Position,598
-960,um,Spot,Position,679,um,Spot,Position,598
1319,um,Spot,Position,313,um,Spot,Position,561
1272,um,Spot,Position,456,um,Spot,Position,563
1332,um,Spot,Position,653,um,Spot,Position,567
1313,um,Spot,Position,678,um,Spot,Position,567
1411,um,Spot,Position,276,um,Spot,Position,571
1373,um,Spot,Position,311,um,Spot,Position,568
1356,um,Spot,Position,382,um,Spot,Position,568
1489,um,Spot,Position,416,um,Spot,Position,569
1358,um,Spot,Position,605,um,Spot,Position,572
1452,um,Spot,Position,275,um,Spot,Position,579
1433,um,Spot,Position,315,um,Spot,Position,576
1439,um,Spot,Position,406,um,Spot,Position,579
1402,um,Spot,Position,449,um,Spot,Position,575
1394,um,Spot,Position,618,um,Spot,Position,577
1420,um,Spot,Position,656,um,Spot,Position,580
1360,um,Spot,Position,671,um,Spot,Position,575
1469,um,Spot,Position,467,um,Spot,Position,583
1446,um,Spot,Position,546,um,Spot,Position,586
1470,um,Spot,Position,566,um,Spot,Position,585
1447,um,Spot,Position,576,um,Spot,Position,583
1427,um,Spot,Position,584,um,Spot,Position,581
1458,um,Spot,Position,636,um,Spot,Position,586
1474,um,Spot,Position,602,um,Spot,Position,588
1499,um,Spot,Position,621,um,Spot,Position,591
1505,um,Spot,Position,553,um,Spot,Position,598
1494,um,Spot,Position,582,um,Spot,Position,598
1525,um,Spot,Position,653,um,Spot,Position,598
1503,um,Spot,Position,662,um,Spot,Position,598
1861,um,Spot,Position,578,um,Spot,Position,571
1571,um,Spot,Position,302,um,Spot,Position,587
1578,um,Spot,Position,490,um,Spot,Position,592
1557,um,Spot,Position,340,um,Spot,Position,598
1597,um,Spot,Position,339,um,Spot,Position,598
1680,um,Spot,Position,353,um,Spot,Position,598
1549,um,Spot,Position,379,um,Spot,Position,598
1548,um,Spot,Position,563,um,Spot,Position,598
1542,um,Spot,Position,641,um,Spot,Position,598
-755,um,Spot,Position,693,um,Spot,Position,563
-783,um,Spot,Position,730,um,Spot,Position,561
-715,um,Spot,Position,743,um,Spot,Position,564
-803,um,Spot,Position,748,um,Spot,Position,561
-709,um,Spot,Position,773,um,Spot,Position,566
-697,um,Spot,Position,798,um,Spot,Position,564
-669,um,Spot,Position,805,um,Spot,Position,561
-800,um,Spot,Position,683,um,Spot,Position,572
-754,um,Spot,Position,769,um,Spot,Position,571
-739,um,Spot,Position,800,um,Spot,Position,571
-700,um,Spot,Position,834,um,Spot,Position,570
-640,um,Spot,Position,947,um,Spot,Position,574
-608,um,Spot,Position,960,um,Spot,Position,572
-775,um,Spot,Position,817,um,Spot,Position,577
-801,um,Spot,Position,823,um,Spot,Position,580
-757,um,Spot,Position,831,um,Spot,Position,576
-747,um,Spot,Position,845,um,Spot,Position,577
-741,um,Spot,Position,866,um,Spot,Position,578
-703,um,Spot,Position,882,um,Spot,Position,575
-982,um,Spot,Position,927,um,Spot,Position,574
-608,um,Spot,Position,1004,um,Spot,Position,577
-1009,um,Spot,Position,782,um,Spot,Position,584
-781,um,Spot,Position,869,um,Spot,Position,586
-695,um,Spot,Position,950,um,Spot,Position,582
-931,um,Spot,Position,694,um,Spot,Position,594
-781,um,Spot,Position,896,um,Spot,Position,594
-805,um,Spot,Position,901,um,Spot,Position,595
-935,um,Spot,Position,713,um,Spot,Position,598
-973,um,Spot,Position,719,um,Spot,Position,598
-890,um,Spot,Position,720,um,Spot,Position,598
-916,um,Spot,Position,750,um,Spot,Position,598
-803,um,Spot,Position,751,um,Spot,Position,598
-861,um,Spot,Position,798,um,Spot,Position,598
-802,um,Spot,Position,823,um,Spot,Position,598
-782,um,Spot,Position,869,um,Spot,Position,598
-983,um,Spot,Position,925,um,Spot,Position,598
-835,um,Spot,Position,932,um,Spot,Position,598
-867,um,Spot,Position,941,um,Spot,Position,598
-639,um,Spot,Position,946,um,Spot,Position,598
-695,um,Spot,Position,950,um,Spot,Position,598
-888,um,Spot,Position,967,um,Spot,Position,598
-760,um,Spot,Position,1001,um,Spot,Position,598
-680,um,Spot,Position,1014,um,Spot,Position,598
-705,um,Spot,Position,1032,um,Spot,Position,598
-766,um,Spot,Position,1071,um,Spot,Position,598
-693,um,Spot,Position,1075,um,Spot,Position,598
-628,um,Spot,Position,1088,um,Spot,Position,598
-569,um,Spot,Position,863,um,Spot,Position,563
-545,um,Spot,Position,945,um,Spot,Position,566
-496,um,Spot,Position,967,um,Spot,Position,562
-424,um,Spot,Position,1033,um,Spot,Position,563
-543,um,Spot,Position,979,um,Spot,Position,567
-526,um,Spot,Position,1013,um,Spot,Position,570
-510,um,Spot,Position,1041,um,Spot,Position,570
-530,um,Spot,Position,1048,um,Spot,Position,572
-483,um,Spot,Position,1046,um,Spot,Position,569
-431,um,Spot,Position,1092,um,Spot,Position,569
-465,um,Spot,Position,1097,um,Spot,Position,572
-573,um,Spot,Position,1041,um,Spot,Position,576
-560,um,Spot,Position,1086,um,Spot,Position,580
-530,um,Spot,Position,1105,um,Spot,Position,579
-570,um,Spot,Position,863,um,Spot,Position,598
-574,um,Spot,Position,1041,um,Spot,Position,598
-431,um,Spot,Position,1091,um,Spot,Position,598
-46.4,um,Spot,Position,790,um,Spot,Position,562
-22.9,um,Spot,Position,792,um,Spot,Position,563
970,um,Spot,Position,978,um,Spot,Position,560
981,um,Spot,Position,1079,um,Spot,Position,565
904,um,Spot,Position,1093,um,Spot,Position,561
1277,um,Spot,Position,723,um,Spot,Position,561
1295,um,Spot,Position,744,um,Spot,Position,566
1209,um,Spot,Position,844,um,Spot,Position,561
1191,um,Spot,Position,886,um,Spot,Position,564
1361,um,Spot,Position,888,um,Spot,Position,560
1340,um,Spot,Position,694,um,Spot,Position,569
1326,um,Spot,Position,713,um,Spot,Position,568
1335,um,Spot,Position,754,um,Spot,Position,571
1321,um,Spot,Position,768,um,Spot,Position,571
1278,um,Spot,Position,826,um,Spot,Position,569
1273,um,Spot,Position,847,um,Spot,Position,571
1171,um,Spot,Position,880,um,Spot,Position,569
1214,um,Spot,Position,905,um,Spot,Position,569
1252,um,Spot,Position,916,um,Spot,Position,572
1166,um,Spot,Position,918,um,Spot,Position,572
1117,um,Spot,Position,982,um,Spot,Position,569
1406,um,Spot,Position,681,um,Spot,Position,579
1384,um,Spot,Position,708,um,Spot,Position,579
1383,um,Spot,Position,739,um,Spot,Position,578
1368,um,Spot,Position,767,um,Spot,Position,576
1354,um,Spot,Position,839,um,Spot,Position,581
1303,um,Spot,Position,842,um,Spot,Position,574
1292,um,Spot,Position,865,um,Spot,Position,575
1279,um,Spot,Position,916,um,Spot,Position,577
1215,um,Spot,Position,953,um,Spot,Position,575
1167,um,Spot,Position,987,um,Spot,Position,575
1116,um,Spot,Position,1074,um,Spot,Position,579
1448,um,Spot,Position,716,um,Spot,Position,586
1419,um,Spot,Position,750,um,Spot,Position,584
1405,um,Spot,Position,762,um,Spot,Position,584
1334,um,Spot,Position,819,um,Spot,Position,586
1319,um,Spot,Position,898,um,Spot,Position,583
1314,um,Spot,Position,971,um,Spot,Position,587
1234,um,Spot,Position,1001,um,Spot,Position,583
1250,um,Spot,Position,1032,um,Spot,Position,586
1191,um,Spot,Position,1048,um,Spot,Position,586
1150,um,Spot,Position,1065,um,Spot,Position,581
1188,um,Spot,Position,1081,um,Spot,Position,585
1374,um,Spot,Position,842,um,Spot,Position,588
1366,um,Spot,Position,925,um,Spot,Position,590
1348,um,Spot,Position,949,um,Spot,Position,592
1295,um,Spot,Position,994,um,Spot,Position,589
1269,um,Spot,Position,1051,um,Spot,Position,591
1242,um,Spot,Position,1071,um,Spot,Position,591
1423,um,Spot,Position,820,um,Spot,Position,598
1456,um,Spot,Position,836,um,Spot,Position,598
1427,um,Spot,Position,892,um,Spot,Position,598
1468,um,Spot,Position,913,um,Spot,Position,598
1510,um,Spot,Position,924,um,Spot,Position,598
1436,um,Spot,Position,960,um,Spot,Position,598
1474,um,Spot,Position,979,um,Spot,Position,598
1386,um,Spot,Position,989,um,Spot,Position,598
1350,um,Spot,Position,996,um,Spot,Position,598
1363,um,Spot,Position,1040,um,Spot,Position,598
1427,um,Spot,Position,1040,um,Spot,Position,598
1497,um,Spot,Position,1054,um,Spot,Position,598
1387,um,Spot,Position,1065,um,Spot,Position,598
1290,um,Spot,Position,1084,um,Spot,Position,598
1331,um,Spot,Position,1090,um,Spot,Position,598
1270,um,Spot,Position,1103,um,Spot,Position,598
1365,um,Spot,Position,1103,um,Spot,Position,598
1736,um,Spot,Position,1092,um,Spot,Position,567
1736,um,Spot,Position,860,um,Spot,Position,578
1599,um,Spot,Position,692,um,Spot,Position,598
-629,um,Spot,Position,1248,um,Spot,Position,566
-768,um,Spot,Position,1291,um,Spot,Position,578
-796,um,Spot,Position,1125,um,Spot,Position,598
-637,um,Spot,Position,1174,um,Spot,Position,598
-757,um,Spot,Position,1238,um,Spot,Position,598
-767,um,Spot,Position,1291,um,Spot,Position,598
-303,um,Spot,Position,1115,um,Spot,Position,561
-433,um,Spot,Position,1162,um,Spot,Position,565
-227,um,Spot,Position,1177,um,Spot,Position,560
-247,um,Spot,Position,1196,um,Spot,Position,565
-217,um,Spot,Position,1238,um,Spot,Position,566
-415,um,Spot,Position,1134,um,Spot,Position,570
-424,um,Spot,Position,1181,um,Spot,Position,569
-280,um,Spot,Position,1204,um,Spot,Position,570
-216,um,Spot,Position,1277,um,Spot,Position,572
-176,um,Spot,Position,1286,um,Spot,Position,572
-203,um,Spot,Position,1294,um,Spot,Position,573
-466,um,Spot,Position,1134,um,Spot,Position,579
-489,um,Spot,Position,1137,um,Spot,Position,578
-347,um,Spot,Position,1220,um,Spot,Position,575
-298,um,Spot,Position,1250,um,Spot,Position,576
-276,um,Spot,Position,1276,um,Spot,Position,578
-244,um,Spot,Position,1304,um,Spot,Position,576
-199,um,Spot,Position,1336,um,Spot,Position,580
-527,um,Spot,Position,1148,um,Spot,Position,586
-249,um,Spot,Position,1354,um,Spot,Position,587
-209,um,Spot,Position,1368,um,Spot,Position,587
-591,um,Spot,Position,1116,um,Spot,Position,598
-465,um,Spot,Position,1134,um,Spot,Position,598
-487,um,Spot,Position,1137,um,Spot,Position,598
-527,um,Spot,Position,1148,um,Spot,Position,598
-432,um,Spot,Position,1161,um,Spot,Position,598
-493,um,Spot,Position,1190,um,Spot,Position,598
-555,um,Spot,Position,1192,um,Spot,Position,598
-514,um,Spot,Position,1197,um,Spot,Position,598
-474,um,Spot,Position,1215,um,Spot,Position,598
-528,um,Spot,Position,1234,um,Spot,Position,598
-272,um,Spot,Position,1362,um,Spot,Position,598
-249,um,Spot,Position,1410,um,Spot,Position,598
-480,um,Spot,Position,1433,um,Spot,Position,598
-247,um,Spot,Position,1446,um,Spot,Position,598
-267,um,Spot,Position,1464,um,Spot,Position,598
-520,um,Spot,Position,1479,um,Spot,Position,598
26.4,um,Spot,Position,1284,um,Spot,Position,561
40.5,um,Spot,Position,1297,um,Spot,Position,562
168,um,Spot,Position,1320,um,Spot,Position,565
35.9,um,Spot,Position,1327,um,Spot,Position,565
52.5,um,Spot,Position,1343,um,Spot,Position,566
-150,um,Spot,Position,1243,um,Spot,Position,570
-152,um,Spot,Position,1278,um,Spot,Position,570
-121,um,Spot,Position,1281,um,Spot,Position,569
-52.9,um,Spot,Position,1323,um,Spot,Position,572
89.1,um,Spot,Position,1389,um,Spot,Position,574
-148,um,Spot,Position,1331,um,Spot,Position,578
37.8,um,Spot,Position,1400,um,Spot,Position,577
233,um,Spot,Position,1422,um,Spot,Position,576
-87.2,um,Spot,Position,1381,um,Spot,Position,585
-160,um,Spot,Position,1396,um,Spot,Position,586
129,um,Spot,Position,1428,um,Spot,Position,582
107,um,Spot,Position,1459,um,Spot,Position,586
-71.8,um,Spot,Position,1452,um,Spot,Position,598
-54.2,um,Spot,Position,1464,um,Spot,Position,598
77.7,um,Spot,Position,1486,um,Spot,Position,598
132,um,Spot,Position,1491,um,Spot,Position,598
-74.9,um,Spot,Position,1494,um,Spot,Position,598
-85.4,um,Spot,Position,1503,um,Spot,Position,598
624,um,Spot,Position,1245,um,Spot,Position,562
646,um,Spot,Position,1257,um,Spot,Position,566
582,um,Spot,Position,1263,um,Spot,Position,562
413,um,Spot,Position,1301,um,Spot,Position,562
504,um,Spot,Position,1318,um,Spot,Position,566
637,um,Spot,Position,1293,um,Spot,Position,570
587,um,Spot,Position,1314,um,Spot,Position,569
609,um,Spot,Position,1317,um,Spot,Position,570
551,um,Spot,Position,1320,um,Spot,Position,569
654,um,Spot,Position,1318,um,Spot,Position,572
437,um,Spot,Position,1336,um,Spot,Position,568
566,um,Spot,Position,1349,um,Spot,Position,571
440,um,Spot,Position,1361,um,Spot,Position,572
655,um,Spot,Position,1356,um,Spot,Position,578
596,um,Spot,Position,1361,um,Spot,Position,575
479,um,Spot,Position,1412,um,Spot,Position,580
570,um,Spot,Position,1426,um,Spot,Position,579
676,um,Spot,Position,1391,um,Spot,Position,585
644,um,Spot,Position,1398,um,Spot,Position,584
640,um,Spot,Position,1422,um,Spot,Position,587
550,um,Spot,Position,1449,um,Spot,Position,587
658,um,Spot,Position,1443,um,Spot,Position,598
676,um,Spot,Position,1457,um,Spot,Position,598
636,um,Spot,Position,1462,um,Spot,Position,598
604,um,Spot,Position,1472,um,Spot,Position,598
664,um,Spot,Position,1500,um,Spot,Position,598
317,um,Spot,Position,1504,um,Spot,Position,598
478,um,Spot,Position,1511,um,Spot,Position,598
505,um,Spot,Position,1513,um,Spot,Position,598
330,um,Spot,Position,1517,um,Spot,Position,598
608,um,Spot,Position,1519,um,Spot,Position,598
568,um,Spot,Position,1522,um,Spot,Position,598
897,um,Spot,Position,1125,um,Spot,Position,561
693,um,Spot,Position,1224,um,Spot,Position,563
968,um,Spot,Position,1106,um,Spot,Position,568
925,um,Spot,Position,1161,um,Spot,Position,570
967,um,Spot,Position,1202,um,Spot,Position,574
903,um,Spot,Position,1238,um,Spot,Position,573
759,um,Spot,Position,1245,um,Spot,Position,571
695,um,Spot,Position,1291,um,Spot,Position,571
715,um,Spot,Position,1301,um,Spot,Position,572
1001,um,Spot,Position,1398,um,Spot,Position,572
933,um,Spot,Position,1193,um,Spot,Position,575
1008,um,Spot,Position,1194,um,Spot,Position,580
822,um,Spot,Position,1259,um,Spot,Position,574
755,um,Spot,Position,1271,um,Spot,Position,575
725,um,Spot,Position,1320,um,Spot,Position,578
696,um,Spot,Position,1350,um,Spot,Position,581
1075,um,Spot,Position,1108,um,Spot,Position,583
1001,um,Spot,Position,1234,um,Spot,Position,585
931,um,Spot,Position,1282,um,Spot,Position,585
1090,um,Spot,Position,1246,um,Spot,Position,595
1075,um,Spot,Position,1259,um,Spot,Position,594
1049,um,Spot,Position,1279,um,Spot,Position,598
1083,um,Spot,Position,1300,um,Spot,Position,598
983,um,Spot,Position,1311,um,Spot,Position,598
1002,um,Spot,Position,1336,um,Spot,Position,598
929,um,Spot,Position,1349,um,Spot,Position,598
983,um,Spot,Position,1363,um,Spot,Position,598
951,um,Spot,Position,1439,um,Spot,Position,598
748,um,Spot,Position,1451,um,Spot,Position,598
719,um,Spot,Position,1502,um,Spot,Position,598
752,um,Spot,Position,1518,um,Spot,Position,598
1484,um,Spot,Position,1170,um,Spot,Position,579
1195,um,Spot,Position,1377,um,Spot,Position,577
1126,um,Spot,Position,1127,um,Spot,Position,586
1176,um,Spot,Position,1140,um,Spot,Position,591
1196,um,Spot,Position,1488,um,Spot,Position,595
1250,um,Spot,Position,1129,um,Spot,Position,598
1215,um,Spot,Position,1133,um,Spot,Position,598
1315,um,Spot,Position,1132,um,Spot,Position,598
1450,um,Spot,Position,1136,um,Spot,Position,598
1275,um,Spot,Position,1154,um,Spot,Position,598
1219,um,Spot,Position,1181,um,Spot,Position,598
1325,um,Spot,Position,1191,um,Spot,Position,598
1169,um,Spot,Position,1221,um,Spot,Position,598
1183,um,Spot,Position,1276,um,Spot,Position,598
1293,um,Spot,Position,1292,um,Spot,Position,598
1302,um,Spot,Position,1314,um,Spot,Position,598
1207,um,Spot,Position,1326,um,Spot,Position,598
1334,um,Spot,Position,1326,um,Spot,Position,598
1114,um,Spot,Position,1328,um,Spot,Position,598
1333,um,Spot,Position,1348,um,Spot,Position,598
1113,um,Spot,Position,1373,um,Spot,Position,598
1196,um,Spot,Position,1416,um,Spot,Position,598
1249,um,Spot,Position,1488,um,Spot,Position,598
1567,um,Spot,Position,1138,um,Spot,Position,598
1677,um,Spot,Position,1310,um,Spot,Position,598
-975,um,Spot,Position,1562,um,Spot,Position,598
-299,um,Spot,Position,1550,um,Spot,Position,598
-440,um,Spot,Position,1739,um,Spot,Position,598
-143,um,Spot,Position,1646,um,Spot,Position,583
-28.6,um,Spot,Position,1756,um,Spot,Position,584
-56.5,um,Spot,Position,1588,um,Spot,Position,598
53.1,um,Spot,Position,1764,um,Spot,Position,598
202,um,Spot,Position,1852,um,Spot,Position,598
674,um,Spot,Position,1549,um,Spot,Position,568
584,um,Spot,Position,1694,um,Spot,Position,579
405,um,Spot,Position,1534,um,Spot,Position,598
637,um,Spot,Position,1542,um,Spot,Position,598
379,um,Spot,Position,1610,um,Spot,Position,598
895,um,Spot,Position,1596,um,Spot,Position,564
891,um,Spot,Position,1551,um,Spot,Position,598
1113,um,Spot,Position,1839,um,Spot,Position,572
1257,um,Spot,Position,1818,um,Spot,Position,579
1281,um,Spot,Position,1808,um,Spot,Position,591